CONTADOR,ID GORRA,MODELO,IMAGEN
0,A7K2-B9X4-M3Q8,DROP 1 AZUL CIELO,[imagen adjunta]
0,B5N2-D7V9-Q4X8,DROP 1 AZUL CIELO,[imagen adjunta]
0,B8N4-Y7P2-K3R5,DROP 1 AZUL CIELO,[imagen adjunta]
0,C2M9-D6L8-X4K7,DROP 1 AZUL CIELO,[imagen adjunta]
0,C8L2-Y6V5-D9P3,DROP 1 AZUL CIELO,[imagen adjunta]
0,D1T7-Q4M9-C8P2,DROP 1 AZUL CIELO,[imagen adjunta]
0,D6V3-K9X2-M4T7,DROP 1 AZUL CIELO,[imagen adjunta]
0,D9L1-V4F7-W6K3,DROP 1 AZUL CIELO,[imagen adjunta]
0,F1Q8-R3L5-W2N9,DROP 1 AZUL CIELO,[imagen adjunta]
0,F4L9-P6D2-T1X8,DROP 1 AZUL CIELO,[imagen adjunta]
0,H4Q7-N1X8-T2K6,DROP 1 AZUL CIELO,[imagen adjunta]
0,J2Q9-T6V8-C1W4,DROP 1 AZUL CIELO,[imagen adjunta]
0,J8R6-T1M3-K5W2,DROP 1 AZUL CIELO,[imagen adjunta]
0,K1V9-Q8T2-L6X4,DROP 1 AZUL CIELO,[imagen adjunta]
0,K4T2-C9M7-P1D8,DROP 1 AZUL CIELO,[imagen adjunta]
0,K7V2-Q9P5-M1X8,DROP 1 AZUL CIELO,[imagen adjunta]
0,K9T4-M1W7-F8Q3,DROP 1 AZUL CIELO,[imagen adjunta]
0,L4Y9-F2Q7-P8D1,DROP 1 AZUL CIELO,[imagen adjunta]
0,L5X3-C7D9-T8V1,DROP 1 AZUL CIELO,[imagen adjunta]
0,L7F3-M5X1-D8N2,DROP 1 AZUL CIELO,[imagen adjunta]
0,M3P8-T2R5-C7Y4,DROP 1 AZUL CIELO,[imagen adjunta]
0,M6P4-K8N2-V7T1,DROP 1 AZUL CIELO,[imagen adjunta]
0,M8J5-Q2P4-T9V1,DROP 1 AZUL CIELO,[imagen adjunta]
0,N1V8-Q3W5-F7L4,DROP 1 AZUL CIELO,[imagen adjunta]
0,N3X7-B6L2-R5D8,DROP 1 AZUL CIELO,[imagen adjunta]
0,N5R8-T3J6-W4F2,DROP 1 AZUL CIELO,[imagen adjunta]
0,N8Q4-W2K6-J1M5,DROP 1 AZUL CIELO,[imagen adjunta]
0,P4R7-M1N5-Y2F8,DROP 1 AZUL CIELO,[imagen adjunta]
0,P5D1-R8T7-L2N6,DROP 1 AZUL CIELO,[imagen adjunta]
0,P9M3-F5W2-R8J4,DROP 1 AZUL CIELO,[imagen adjunta]
0,Q1M8-C6J3-Y9L5,DROP 1 AZUL CIELO,[imagen adjunta]
0,Q5X7-N9D1-L4V8,DROP 1 AZUL CIELO,[imagen adjunta]
0,Q7M1-C5J8-Y3N6,DROP 1 AZUL CIELO,[imagen adjunta]
0,R2P8-Y5N4-C7J1,DROP 1 AZUL CIELO,[imagen adjunta]
0,R6Y5-J8N3-X2Q1,DROP 1 AZUL CIELO,[imagen adjunta]
0,R7D5-W3P1-C9M8,DROP 1 AZUL CIELO,[imagen adjunta]
0,R9W3-F2X5-J6L8,DROP 1 AZUL CIELO,[imagen adjunta]
0,T1Y6-D8L4-C3N7,DROP 1 AZUL CIELO,[imagen adjunta]
0,T5X3-D1L6-M8Q9,DROP 1 AZUL CIELO,[imagen adjunta]
0,T7M4-C8P1-Y6K3,DROP 1 AZUL CIELO,[imagen adjunta]
0,T8R4-P7Y1-Q5N3,DROP 1 AZUL CIELO,[imagen adjunta]
0,V1K6-F3W8-M2T9,DROP 1 AZUL CIELO,[imagen adjunta]
0,V2R8-W4K7-F9P1,DROP 1 AZUL CIELO,[imagen adjunta]
0,V7D2-P4X8-F1N6,DROP 1 AZUL CIELO,[imagen adjunta]
0,W5T9-K3R1-M7Q4,DROP 1 AZUL CIELO,[imagen adjunta]
0,X2C7-L1Y9-D5Q4,DROP 1 AZUL CIELO,[imagen adjunta]
0,X3K5-N7T4-R2V8,DROP 1 AZUL CIELO,[imagen adjunta]
0,X9P6-R2K4-Y5T7,DROP 1 AZUL CIELO,[imagen adjunta]
0,Y4W9-C3F8-K7H2,DROP 1 AZUL CIELO,[imagen adjunta]
0,Y7F1-V5T3-R9P2,DROP 1 AZUL CIELO,[imagen adjunta]
0,Y8K5-N3V1-R7W4,DROP 1 AZUL CIELO,[imagen adjunta]
